SNP_ID,chr,pos,cM
S10_620779,10,620679,-6.4
S10_679925,10,679825,-6.2
S10_739071,10,738971,-6.0
S10_798217,10,798117,-5.8
S10_857362,10,857262,-5.6
S10_916508,10,916408,-5.4
S10_975654,10,975554,-5.2
S10_1034800,10,1034700,-5.0
S10_1093946,10,1093846,-4.8
S10_1153091,10,1152991,-4.6
S10_1212237,10,1212137,-4.4
S10_1271383,10,1271283,-4.2
S10_1330529,10,1330429,-4.0
S10_1389675,10,1389575,-3.8
S10_1448820,10,1448720,-3.6
S10_1507966,10,1507866,-3.4
S10_1567112,10,1567012,-3.2
S10_1626258,10,1626158,-3.0
S10_1685404,10,1685304,-2.8
S10_1744549,10,1744449,-2.6
S10_1803695,10,1803595,-2.4
S10_1862841,10,1862741,-2.2
S10_1921987,10,1921887,-2.0
S10_1981133,10,1981033,-1.8
S10_2040278,10,2040178,-1.6
S10_2099424,10,2099324,-1.4
S10_2158570,10,2158470,-1.2
S10_2217716,10,2217616,-1.0
S10_2276862,10,2276762,-0.8
S10_2336007,10,2335907,-0.6
S10_2395153,10,2395053,-0.4
S10_2454299,10,2456926,-0.2
S10_2462408,10,2465035,3.05e-15
S10_2518909,10,2521536,0.2
S10_2575410,10,2578054,0.4
S10_2631911,10,2634555,0.6
S10_2688412,10,2691056,0.8
S10_2744914,10,2747869,1.0
S10_2801415,10,2804370,1.2
S10_2857916,10,2860871,1.4
S10_2914417,10,2917372,1.6
S10_2970918,10,2973873,1.8
S10_3027419,10,3030374,2.0
S10_3083920,10,3086875,2.2
S10_3140421,10,3143376,2.4
S10_3196923,10,3199878,2.6
S10_3253424,10,3256379,2.8
S10_3309925,10,3312880,3.0
S10_3366426,10,3369381,3.2
S10_3422927,10,3425882,3.4
S10_3479428,10,3482383,3.6
S10_3535929,10,3538884,3.8
S10_3592430,10,3595385,4.0
S10_3648932,10,3651887,4.2
S10_3705433,10,3708388,4.4
S10_3761934,10,3764889,4.6
S10_3818435,10,3821390,4.8
S10_3874936,10,3877891,5.0
S10_3931437,10,3934392,5.2
S10_3987938,10,3990893,5.4
S10_4044439,10,4047394,5.6
S10_4092473,10,4095428,5.8
S10_4132040,10,4134995,6.0
S10_4171607,10,4174562,6.2
S10_4211174,10,4214129,6.4
S10_4250741,10,4253696,6.6
S10_4290308,10,4293263,6.8
S10_4329875,10,4332830,7.0
S10_4369442,10,4372397,7.2
S10_4409009,10,4411964,7.4
S10_4448576,10,4451531,7.6
S10_4488143,10,4491098,7.8
S10_4527710,10,4530665,8.0
S10_4567277,10,4570232,8.2
S10_4606844,10,4609799,8.4
S10_4646411,10,4649366,8.6
S10_4680884,10,4683839,8.8
S10_4710265,10,4713220,9.0
S10_4739646,10,4742601,9.2
S10_4769027,10,4771982,9.4
S10_4798408,10,4801363,9.6
S10_4827789,10,4830744,9.8
S10_4857170,10,4860125,10.0
S10_4886550,10,4889505,10.2
S10_4915931,10,4918886,10.4
S10_4945312,10,4948267,10.6
S10_4974693,10,4977648,10.8
S10_5004074,10,5007029,11.0
S10_5033455,10,5036410,11.2
S10_5062836,10,5065791,11.4
S10_5092216,10,5095171,11.6
S10_5121597,10,5124552,11.8
S10_5150978,10,5153933,12.0
S10_5180359,10,5183314,12.2
S10_5209740,10,5212695,12.4
S10_5239121,10,5242076,12.6
S10_5268502,10,5271457,12.8
S10_5297882,10,5300837,13.0
S10_5327263,10,5330218,13.2
S10_5356644,10,5359599,13.4
S10_5386025,10,5388980,13.6
S10_5415406,10,5418361,13.8
S10_5444787,10,5447742,14.0
S10_5474168,10,5477123,14.2
S10_5503548,10,5506503,14.4
S10_5532929,10,5535884,14.6
S10_5562310,10,5565265,14.8
S10_5591691,10,5594646,15.0
S10_5624555,10,5627510,15.2
S10_5657420,10,5660375,15.4
S10_5690284,10,5693239,15.6
S10_5723149,10,5726104,15.8
S10_5756013,10,5758968,16.0
S10_5788878,10,5792837,16.2
S10_5821742,10,5825701,16.4
S10_5854607,10,5858566,16.6
S10_5887471,10,5891430,16.8
S10_5920336,10,5924295,17.0
S10_5953200,10,5957159,17.2
S10_5986065,10,5990024,17.4
S10_6018929,10,6022888,17.6
S10_6051794,10,6055753,17.8
S10_6084658,10,6088617,18.0
S10_6117523,10,6121482,18.2
S10_6150387,10,6154346,18.4
S10_6183252,10,6187211,18.6
S10_6216116,10,6220075,18.8
S10_6248981,10,6252940,19.0
S10_6281845,10,6285804,19.2
S10_6314710,10,6318669,19.4
S10_6347574,10,6352281,19.6
S10_6380439,10,6385146,19.8
S10_6413303,10,6418010,20.0
S10_6446168,10,6450875,20.2
S10_6479032,10,6483739,20.4
S10_6511897,10,6516604,20.6
S10_6544761,10,6549468,20.8
S10_6577626,10,6582333,21.0
S10_6659290,10,6663997,21.2
S10_6789755,10,6794462,21.4
S10_6920220,10,6924927,21.6
S10_7050685,10,7055392,21.8
S10_7181150,10,7185757,22.0
S10_7311614,10,7316221,22.2
S10_7442079,10,7446686,22.4
S10_7572544,10,7577151,22.6
S10_7703009,10,7707516,22.8
S10_7833474,10,7837981,23.0
S10_7963939,10,7968446,23.2
S10_8094403,10,8098910,23.4
S10_8224868,10,8229375,23.6
S10_8355333,10,8359840,23.8
S10_8616846,10,8621353,24.0
S10_8878359,10,8882866,24.2
S10_9139873,10,9144280,24.4
S10_9401386,10,9405793,24.6
S10_9480927,10,9485334,24.8
S10_9560468,10,9564875,25.0
S10_9640009,10,9644416,25.2
S10_9719551,10,9723958,25.4
S10_9799092,10,9803499,25.6
S10_9878633,10,9883040,25.8
S10_9958174,10,9962581,26.0
S10_10037716,10,10042123,26.2
S10_10117257,10,10121664,26.4
S10_10196798,10,10201205,26.6
S10_10277478,10,10281885,26.8
S10_10358158,10,10362565,27.0
S10_10438837,10,10443244,27.2
S10_10519517,10,10523924,27.4
S10_10600197,10,10604604,27.6
S10_10680877,10,10685284,27.8
S10_10761556,10,10765963,28.0
S10_10842236,10,10846643,28.2
S10_10987011,10,10991418,28.4
S10_11195882,10,11200289,28.6
S10_11404753,10,11410318,28.8
S10_11613624,10,11619189,29.0
S10_11822495,10,11828060,29.2
S10_12031365,10,12036930,29.4
S10_12240236,10,12245533,29.6
S10_12449107,10,12454404,29.8
S10_12657978,10,12663275,30.0
S10_12866849,10,12872146,30.2
S10_13075719,10,13081016,30.4
S10_13284590,10,13289887,30.6
S10_13493461,10,13498758,30.8
S10_13657985,10,13663282,31.0
S10_13822509,10,13827806,31.2
S10_13987033,10,13992330,31.4
S10_14151556,10,14156853,31.6
S10_14316080,10,14321377,31.8
S10_14480604,10,14485901,32.0
S10_14645128,10,14650425,32.2
S10_14993749,10,14999046,32.4
S10_15341994,10,15347191,32.6
S10_15690240,10,15695437,32.8
S10_16038485,10,16043682,33.0
S10_16505881,10,16511078,33.2
S10_17092426,10,17097523,33.4
S10_17678972,10,17684069,33.6
S10_19234062,10,19239159,33.8
S10_19983197,10,19989378,34.0
S10_20732331,10,20740673,34.2
S10_21481465,10,21489807,34.4
S10_22230600,10,22238942,34.6
S10_22979734,10,22987976,34.8
S10_23728869,10,23737111,35.0
S10_24478003,10,24486245,35.2
S10_25227138,10,25235380,35.4
S10_25976272,10,25984314,35.6
S10_30868206,10,30876148,35.8
S10_36249609,10,36257551,36.0
S10_53279538,10,53289162,36.2
S10_64450512,10,64462115,36.4
S10_68852196,10,68864654,36.6
S10_73093603,10,73106061,36.8
S10_73666659,10,73679117,37.0
S10_74239715,10,74252173,37.2
S10_74812771,10,74825229,37.4
S10_75385828,10,75398286,37.6
S10_75958884,10,75971142,37.8
S10_76531940,10,76545490,38.0
S10_77104996,10,77118546,38.2
S10_77678052,10,77691402,38.4
S10_78533820,10,78547170,38.6
S10_79389587,10,79403428,38.8
S10_80245355,10,80259196,39.0
S10_81101123,10,81114964,39.2
S10_81956891,10,81970480,39.4
S10_82812658,10,82826247,39.6
S10_83668426,10,83681915,39.8
S10_84562002,10,84575491,40.0
S10_85493385,10,85506874,40.2
S10_86424768,10,86438649,40.4
S10_87084632,10,87098513,40.6
S10_87208464,10,87222345,40.8
S10_87878285,10,87892166,41.0
S10_89094096,10,89107977,41.2
S10_90309906,10,90323787,41.4
S10_91525717,10,91539598,41.6
S10_92791835,10,92805516,41.8
S10_94108261,10,94121942,42.0
S10_95424687,10,95438268,42.2
S10_96741112,10,96755639,42.4
S10_98057538,10,98071965,42.6
S10_98999036,10,99013463,42.8
S10_99301409,10,99315836,43.0
S10_99604014,10,99620446,43.2
S10_103199429,10,103215761,43.4
S10_106953191,10,106970771,43.6
S10_108093611,10,108111191,43.8
S10_109234032,10,109251412,44.0
S10_110210839,10,110228219,44.2
S10_111024032,10,111043197,44.4
S10_111779138,10,111798303,44.6
S10_112388316,10,112407481,44.8
S10_112997494,10,113016659,45.0
S10_113606673,10,113626225,45.2
S10_114215851,10,114235403,45.4
S10_114825029,10,114845386,45.6
S10_115434207,10,115454564,45.8
S10_116043385,10,116063742,46.0
S10_116652564,10,116672921,46.2
S10_117261742,10,117282099,46.4
S10_117672782,10,117693139,46.6
S10_117885249,10,117905606,46.8
S10_118969928,10,118991368,47.0
S10_119897020,10,119917466,47.2
S10_120824112,10,120844558,47.4
S10_121288101,10,121308547,47.6
S10_121752090,10,121772539,47.8
S10_122396025,10,122416474,48.0
S10_123039960,10,123060409,48.2
S10_123683894,10,123704343,48.4
S10_124327829,10,124348024,48.6
S10_124526091,10,124546286,48.8
S10_124873271,10,124893466,49.0
S10_125220451,10,125240646,49.2
S10_125567631,10,125587826,49.4
S10_125914811,10,125936148,49.6
S10_126261991,10,126283328,49.8
S10_126609171,10,126630508,50.0
S10_126956351,10,126978440,50.2
S10_127303531,10,127325620,50.4
S10_127650710,10,127672799,50.6
S10_127997890,10,128019979,50.8
S10_128345070,10,128367159,51.0
S10_128692250,10,128714339,51.2
S10_129039430,10,129061419,51.4
S10_129386610,10,129408599,51.6
S10_129733790,10,129755779,51.8
S10_130080970,10,130102959,52.0
S10_130229532,10,130251521,52.2
S10_130378094,10,130400567,52.4
S10_130526656,10,130549129,52.6
S10_130675218,10,130697691,52.8
S10_130823780,10,130846253,53.0
S10_130947720,10,130970193,53.2
S10_131071660,10,131094133,53.4
S10_131195600,10,131218073,53.6
S10_131319540,10,131342013,53.8
S10_131443480,10,131465953,54.0
S10_131567420,10,131589893,54.2
S10_131691360,10,131713833,54.4
S10_131815299,10,131837772,54.6
S10_131939239,10,131961712,54.8
S10_132063179,10,132085652,55.0
S10_132187119,10,132209592,55.2
S10_132311059,10,132333532,55.4
S10_132434999,10,132457472,55.6
S10_132558939,10,132581412,55.8
S10_132698833,10,132721306,56.0
S10_132854681,10,132877154,56.2
S10_133010529,10,133033002,56.4
S10_133166377,10,133188850,56.6
S10_133322225,10,133344698,56.8
S10_133478073,10,133500546,57.0
S10_133633921,10,133656394,57.2
S10_133789769,10,133812242,57.4
S10_133945617,10,133970184,57.6
S10_134101465,10,134125932,57.8
S10_134257313,10,134281780,58.0
S10_134413161,10,134437628,58.2
S10_134530863,10,134555330,58.4
S10_134648564,10,134673031,58.6
S10_134766266,10,134790733,58.8
S10_134883967,10,134908434,59.0
S10_135001669,10,135026136,59.2
S10_135119370,10,135143837,59.4
S10_135237072,10,135261539,59.6
S10_135354773,10,135379240,59.8
S10_135472475,10,135496942,60.0
S10_135590176,10,135614643,60.2
S10_135707878,10,135732345,60.4
S10_135825579,10,135850046,60.6
S10_135943281,10,135967748,60.8
S10_136060982,10,136085449,61.0
S10_136178684,10,136203151,61.2
S10_136296385,10,136320852,61.4
S10_136388479,10,136412946,61.6
S10_136480572,10,136505039,61.8
S10_136572666,10,136597133,62.0
S10_136664759,10,136689226,62.2
S10_136756853,10,136781320,62.4
S10_136848946,10,136873413,62.6
S10_136941040,10,136965507,62.8
S10_137015563,10,137040030,63.0
S10_137090086,10,137114553,63.2
S10_137164610,10,137189077,63.4
S10_137239133,10,137263600,63.6
S10_137313656,10,137338123,63.8
S10_137388179,10,137412646,64.0
S10_137462702,10,137487169,64.2
S10_137665046,10,137690599,64.4
S10_137995210,10,138020763,64.6
S10_138085371,10,138110924,64.8
S10_138175532,10,138201085,65.0
S10_138265694,10,138291247,65.2
S10_138355855,10,138381408,65.4
S10_138446016,10,138471469,65.6
S10_138536177,10,138561630,65.8
S10_138626338,10,138651791,66.0
S10_138716499,10,138741952,66.2
S10_138806661,10,138832114,66.4
S10_138896822,10,138922275,66.6
S10_138986983,10,139012436,66.8
S10_139077144,10,139102597,67.0
S10_139167305,10,139192758,67.2
S10_139888595,10,139916341,68.8
S10_139978756,10,140006502,69.0
S10_140050075,10,140077821,69.2
S10_140121394,10,140149140,69.4
S10_140192713,10,140220459,69.6
S10_140264032,10,140291778,69.8
S10_140335351,10,140363097,70.0
S10_140406670,10,140434416,70.2
S10_140477989,10,140505735,70.4
S10_140549307,10,139972543,70.6
S10_140620626,10,140043862,70.8
S10_140691945,10,140115081,71.0
S10_140763264,10,140187585,71.2
S10_140834583,10,140258904,71.4
S10_140905902,10,140330223,71.6
S10_140977221,10,140401542,71.8
S10_141048540,10,140473900,72.0
S10_141119859,10,140545219,72.2
S10_141191178,10,140616538,72.4
S10_141262497,10,140687857,72.6
S10_141333816,10,140759176,72.8
S10_141405135,10,140830495,73.0
S10_141476454,10,140901814,73.2
S10_141547773,10,140973133,73.4
S10_141619092,10,141044452,73.6
S10_141690410,10,141115770,73.8
S10_141761729,10,141187089,74.0
S10_141833048,10,141258408,74.2
S10_141904367,10,141329727,74.4
S10_141975686,10,141401046,74.6
S10_142047005,10,141472365,74.8
S10_142118324,10,141543684,75.0
S10_142193827,10,141619087,75.2
S10_142248652,10,141673812,75.4
S10_142303478,10,141728638,75.6
S10_142358303,10,141783463,75.8
S10_142413129,10,141838289,76.0
S10_142467954,10,141893114,76.2
S10_142522780,10,141947940,76.4
S10_142577605,10,142002765,76.6
S10_142632431,10,142057591,76.8
S10_142687256,10,142112416,77.0
S10_142742082,10,142167242,77.2
S10_142796907,10,142222067,77.4
S10_142851733,10,142276893,77.6
S10_142906558,10,142331718,77.8
S10_142961384,10,142388310,78.0
S10_143016209,10,142443135,78.2
S10_143071035,10,142497961,78.4
S10_143125860,10,142552786,78.6
S10_143180686,10,142605501,78.8
S10_143235511,10,142660326,79.0
S10_143290337,10,142715152,79.2
S10_143345162,10,142769977,79.4
S10_143399988,10,142826914,79.6
S10_143454813,10,142881739,79.8
S10_143509639,10,142936565,80.0
S10_143564464,10,142991390,80.2
S10_143619290,10,143046216,80.4
S10_143674115,10,143101041,80.6
S10_143828929,10,143255755,80.8
S10_143983744,10,143410570,81.0
S10_144197382,10,143624208,81.2
S10_144469845,10,143896671,81.4
S10_144528542,10,143955368,81.6
S10_144587239,10,144014065,81.8
S10_144683765,10,144110591,82.0
S10_144743525,10,144170351,82.2
S10_144803285,10,144230111,82.4
S10_144863045,10,144289871,82.6
S10_144922805,10,144349631,82.8
S10_144982565,10,144409391,83.0
S10_145034284,10,144461110,83.2
S10_145086003,10,144512829,83.4
S10_145137722,10,144564548,83.6
S10_145189441,10,144616267,83.8
S10_145241160,10,144667986,84.0
S10_145292879,10,144719705,84.2
S10_145344598,10,144771424,84.4
S10_145396317,10,144823143,84.6
S10_145448036,10,144874862,84.8
S10_145499755,10,144926581,85.0
S10_145551473,10,144978299,85.2
S10_145603192,10,145030018,85.4
S10_145654911,10,145081737,85.6
S10_145706630,10,145133456,85.8
S10_145758349,10,145185175,86.0
S10_145810068,10,145236894,86.2
S10_145861787,10,145289305,86.4
S10_145913506,10,145341024,86.6
S10_145965225,10,145392743,86.8
S10_146016944,10,145444462,87.0
S10_146068663,10,145496181,87.2
S10_146120381,10,145547899,87.4
S10_146172100,10,145599618,87.6
S10_146223819,10,145651337,87.8
S10_146275538,10,145703056,88.0
S10_146327257,10,145754775,88.2
S10_146378976,10,145806494,88.4
S10_146430695,10,145858213,88.6
S10_146482414,10,145914997,88.8
S10_146534133,10,145969495,89.0
S10_146585852,10,146021214,89.2
S10_146637571,10,146072933,89.4
S10_146689290,10,146124652,89.6
S10_146741008,10,146176370,89.8
S10_146792727,10,146228089,90.0
S10_146844446,10,146279808,90.2
S10_146896165,10,146331527,90.4
S10_146947884,10,146383246,90.6
S10_146999603,10,146434965,90.8
S10_147014677,10,146450039,91.0
S10_147050337,10,146485699,91.2
S10_147085997,10,146521359,91.4
S10_147121657,10,146557019,91.6
S10_147157316,10,146592678,91.8
S10_147192976,10,146628338,92.0
S10_147228636,10,146663998,92.2
S10_147264296,10,146699558,92.4
S10_147299956,10,146735218,92.6
S10_147335616,10,146770878,92.8
S10_147371275,10,146806437,93.0
S10_147406935,10,146842097,93.2
S10_147442595,10,146877757,93.4
S10_147478868,10,146914030,93.6
S10_147515754,10,146950916,93.8
S10_147552640,10,146987802,94.0
S10_147589526,10,147024688,94.2
S10_147626413,10,147061575,94.4
S10_147663299,10,147098461,94.6
S10_147700185,10,147135347,94.8
S10_147737071,10,147172233,95.0
S10_147773957,10,147209119,95.2
S10_147810843,10,147246005,95.4
S10_147847729,10,147282891,95.6
S10_147884615,10,147319777,95.8
S10_147921502,10,147356664,96.0
S10_147958388,10,147393550,96.2
S10_147995274,10,147430436,96.4
S10_148032160,10,147467322,96.6
S10_148069046,10,147504208,96.8
S10_148105932,10,147541094,97.0
S10_148142818,10,147577980,97.2
S10_148179704,10,147614866,97.4
S10_148216591,10,147651753,97.6
S10_148253477,10,147688639,97.8
S10_148290363,10,147725525,98.0
S10_148327249,10,147762411,98.2
S10_148364135,10,147799297,98.4
S10_148401021,10,147836183,98.6
S10_148437907,10,147873069,98.8
S10_148474793,10,147909955,99.0
S10_148511679,10,147946841,99.2
S10_148548566,10,147983728,99.4
S10_148585452,10,148020614,99.6
S10_148622338,10,148057500,99.8
S10_148659224,10,148094386,100.0
S10_148696110,10,148131272,100.2
S10_148732996,10,148168158,100.4
S10_148769882,10,148205525,100.6
S10_148806768,10,148242411,100.8
S10_148843655,10,148279298,101.0
S10_148880541,10,148316184,101.2
S10_148917427,10,148353070,101.4
S10_148954313,10,148389956,101.6
S10_148997868,10,148433511,101.8
S10_149048092,10,148483635,102.0
S10_149098316,10,148534444,102.2
S10_149148540,10,148586051,102.4
S10_149198764,10,148636275,102.6
S10_149248988,10,148686499,102.8
S10_149299213,10,148736724,103.0
S10_149349437,10,148786948,103.2
S10_149399661,10,148837172,103.4
S10_149449885,10,148887396,103.6
S10_149500109,10,148937520,103.8
S10_149550333,10,148987744,104.0
S10_149600557,10,149037968,104.2
S10_149650781,10,149088891,104.4
S10_149701005,10,149139115,104.6
S10_149751229,10,149189339,104.8
S10_149801453,10,149239563,105.0
S10_149851677,10,149289787,105.2
S10_149901902,10,149340012,105.4
S10_149952126,10,149390236,105.6
S10_150002350,10,149440460,105.8
S10_150052574,10,149490684,106.0
S10_150102798,10,149540908,106.2
S10_150153022,10,149591132,106.4
